diversity,equity,inclusion,document_length,Doc_ID
0.0,0.0,57.549202438371154,677.0,562506.F
0.0,0.0,340.9068787239334,3029.0,608796.F
0.0,0.0,532.9553897102599,3420.0,612885.F
0.0,0.0,616.7759774175704,4199.0,615592.F
0.0,0.0,352.3527854889136,2464.0,617166.F
