diversity,equity,inclusion,document_length,Doc_ID
0.0,0.0,45.79804504608444,677.0,562506.F
0.0,0.0,202.85271751528364,3029.0,608796.F
0.0,0.0,254.2278996292912,3420.0,612885.F
0.0,0.0,301.476044750793,4199.0,615592.F
0.0,0.0,212.69831005556756,2464.0,617166.F
